[
  {
    "PokedexNumber": 1,
    "Name": "Bulbasaur",
    "Type1": "Grass",
    "Type2": "Poison"
  }, {
    "PokedexNumber": 2,
    "Name": "Ivysaur",
    "Type1": "Grass",
    "Type2": "Poison"
  }, {
    "PokedexNumber": 3,
    "Name": "Venusaur",
    "Type1": "Grass",
    "Type2": "Poison"
  }, {
    "PokedexNumber": 4,
    "Name": "Charmander",
    "Type1": "Fire",
    "Type2": ""
  }, {
    "PokedexNumber": 5,
    "Name": "Charmeleon",
    "Type1": "Fire",
    "Type2": ""
  }, {
    "PokedexNumber": 6,
    "Name": "Charizard",
    "Type1": "Fire",
    "Type2": "Flying"
  }, {
    "PokedexNumber": 7,
    "Name": "Squirtle",
    "Type1": "Water",
    "Type2": ""
  }, {
    "PokedexNumber": 8,
    "Name": "Wartortle",
    "Type1": "Water",
    "Type2": ""
  }, {
    "PokedexNumber": 9,
    "Name": "Blastoise",
    "Type1": "Water",
    "Type2": ""
  }, {
    "PokedexNumber": 10,
    "Name": "Caterpie",
    "Type1": "Bug",
    "Type2": ""
  }, {
    "PokedexNumber": 11,
    "Name": "Metapod",
    "Type1": "Bug",
    "Type2": ""
  }, {
    "PokedexNumber": 12,
    "Name": "Butterfree",
    "Type1": "Bug",
    "Type2": "Flying"
  }, {
    "PokedexNumber": 13,
    "Name": "Weedle",
    "Type1": "Bug",
    "Type2": "Poison"
  }, {
    "PokedexNumber": 14,
    "Name": "Kakuna",
    "Type1": "Bug",
    "Type2": "Poison"
  }, {
    "PokedexNumber": 15,
    "Name": "Beedrill",
    "Type1": "Bug",
    "Type2": "Poison"
  }, {
    "PokedexNumber": 16,
    "Name": "Pidgey",
    "Type1": "Normal",
    "Type2": ""
  }, {
    "PokedexNumber": 17,
    "Name": "Pidgeotto",
    "Type1": "Normal",
    "Type2": "Flying"
  }, {
    "PokedexNumber": 18,
    "Name": "Pidgeot",
    "Type1": "Normal",
    "Type2": "Flying"
  }, {
    "PokedexNumber": 19,
    "Name": "Rattata",
    "Type1": "Normal",
    "Type2": ""
  }, {
    "PokedexNumber": 20,
    "Name": "Raticate",
    "Type1": "Normal",
    "Type2": ""
  }, {
    "PokedexNumber": 21,
    "Name": "Spearow",
    "Type1": "Normal",
    "Type2": "Flying"
  }, {
    "PokedexNumber": 22,
    "Name": "Fearow",
    "Type1": "Normal",
    "Type2": "Flying"
  }, {
    "PokedexNumber": 23,
    "Name": "Ekans",
    "Type1": "Poison",
    "Type2": ""
  }, {
    "PokedexNumber": 24,
    "Name": "Arbok",
    "Type1": "Poison",
    "Type2": ""
  }, {
    "PokedexNumber": 25,
    "Name": "Pikachu",
    "Type1": "Electric",
    "Type2": ""
  }, {
    "PokedexNumber": 26,
    "Name": "Raichu",
    "Type1": "Electric",
    "Type2": ""
  }, {
    "PokedexNumber": 27,
    "Name": "Sandshrew",
    "Type1": "Ground",
    "Type2": ""
  }, {
    "PokedexNumber": 28,
    "Name": "Sandslash",
    "Type1": "Ground",
    "Type2": ""
  }, {
    "PokedexNumber": 29,
    "Name": "NidoranF",
    "Type1": "Poison",
    "Type2": ""
  }, {
    "PokedexNumber": 30,
    "Name": "Nidorina",
    "Type1": "Poison",
    "Type2": ""
  }, {
    "PokedexNumber": 31,
    "Name": "Nidoqueen",
    "Type1": "Poison",
    "Type2": "Ground"
  }, {
    "PokedexNumber": 32,
    "Name": "NidoranM",
    "Type1": "Poison",
    "Type2": ""
  }, {
    "PokedexNumber": 33,
    "Name": "Nidorino",
    "Type1": "Poison",
    "Type2": ""
  }, {
    "PokedexNumber": 34,
    "Name": "Nidoking",
    "Type1": "Poison",
    "Type2": "Ground"
  }, {
    "PokedexNumber": 35,
    "Name": "Clefairy",
    "Type1": "Fairy",
    "Type2": ""
  }, {
    "PokedexNumber": 36,
    "Name": "Clefable",
    "Type1": "Fairy",
    "Type2": ""
  }, {
    "PokedexNumber": 37,
    "Name": "Vulpix",
    "Type1": "Fire",
    "Type2": ""
  }, {
    "PokedexNumber": 38,
    "Name": "Ninetales",
    "Type1": "Fire",
    "Type2": ""
  }, {
    "PokedexNumber": 39,
    "Name": "Jigglypuff",
    "Type1": "Normal",
    "Type2": "Fairy"
  }, {
    "PokedexNumber": 40,
    "Name": "Wigglytuff",
    "Type1": "Normal",
    "Type2": "Fairy"
  }, {
    "PokedexNumber": 41,
    "Name": "Zubat",
    "Type1": "Poison",
    "Type2": "Flying"
  }, {
    "PokedexNumber": 42,
    "Name": "Golbat",
    "Type1": "Poison",
    "Type2": "Flying"
  }, {
    "PokedexNumber": 43,
    "Name": "Oddish",
    "Type1": "Grass",
    "Type2": "Poison"
  }, {
    "PokedexNumber": 44,
    "Name": "Gloom",
    "Type1": "Grass",
    "Type2": "Poison"
  }, {
    "PokedexNumber": 45,
    "Name": "Vileplume",
    "Type1": "Grass",
    "Type2": "Poison"
  }, {
    "PokedexNumber": 46,
    "Name": "ParasBug",
    "Type1": "Grass",
    "Type2": ""
  }, {
    "PokedexNumber": 47,
    "Name": "Parasect",
    "Type1": "Bug",
    "Type2": "Grass"
  }, {
    "PokedexNumber": 48,
    "Name": "Venonat",
    "Type1": "Bug",
    "Type2": "Poison"
  }, {
    "PokedexNumber": 49,
    "Name": "Venomoth",
    "Type1": "Bug",
    "Type2": "Poison"
  }, {
    "PokedexNumber": 50,
    "Name": "Diglett",
    "Type1": "Ground",
    "Type2": ""
  }, {
    "PokedexNumber": 51,
    "Name": "Dugtrio",
    "Type1": "Ground",
    "Type2": ""
  }, {
    "PokedexNumber": 52,
    "Name": "Meowth",
    "Type1": "Normal",
    "Type2": ""
  }, {
    "PokedexNumber": 53,
    "Name": "Persian",
    "Type1": "Normal",
    "Type2": ""
  }, {
    "PokedexNumber": 54,
    "Name": "Psyduck",
    "Type1": "Water",
    "Type2": ""
  }, {
    "PokedexNumber": 55,
    "Name": "Golduck",
    "Type1": "Water",
    "Type2": ""
  }, {
    "PokedexNumber": 56,
    "Name": "Mankey",
    "Type1": "Fighting",
    "Type2": ""
  }, {
    "PokedexNumber": 57,
    "Name": "Primeape",
    "Type1": "Fighting",
    "Type2": ""
  }, {
    "PokedexNumber": 58,
    "Name": "Growlithe",
    "Type1": "Fire",
    "Type2": ""
  }, {
    "PokedexNumber": 59,
    "Name": "Arcanine",
    "Type1": "Fire",
    "Type2": ""
  }, {
    "PokedexNumber": 60,
    "Name": "Poliwag",
    "Type1": "Water",
    "Type2": ""
  }, {
    "PokedexNumber": 61,
    "Name": "Poliwhirl",
    "Type1": "Water",
    "Type2": ""
  }, {
    "PokedexNumber": 62,
    "Name": "Poliwrath",
    "Type1": "Water",
    "Type2": "Fighting"
  }, {
    "PokedexNumber": 63,
    "Name": "Abra",
    "Type1": "Psychic",
    "Type2": ""
  }, {
    "PokedexNumber": 64,
    "Name": "Kadabra",
    "Type1": "Psychic",
    "Type2": ""
  }, {
    "PokedexNumber": 65,
    "Name": "Alakazam",
    "Type1": "Psychic",
    "Type2": ""
  }, {
    "PokedexNumber": 66,
    "Name": "Machop",
    "Type1": "Fighting",
    "Type2": ""
  }, {
    "PokedexNumber": 67,
    "Name": "Machoke",
    "Type1": "Fighting",
    "Type2": ""
  }, {
    "PokedexNumber": 68,
    "Name": "Machamp",
    "Type1": "Fighting",
    "Type2": ""
  }, {
    "PokedexNumber": 69,
    "Name": "Bellsprout",
    "Type1": "Grass",
    "Type2": "Poison"
  }, {
    "PokedexNumber": 70,
    "Name": "Weepinbell",
    "Type1": "Grass",
    "Type2": "Poison"
  }, {
    "PokedexNumber": 71,
    "Name": "Victreebel",
    "Type1": "Grass",
    "Type2": "Poison"
  }, {
    "PokedexNumber": 72,
    "Name": "Tentacool",
    "Type1": "Water",
    "Type2": "Poison"
  }, {
    "PokedexNumber": 73,
    "Name": "Tentacruel",
    "Type1": "Water",
    "Type2": "Poison"
  }, {
    "PokedexNumber": 74,
    "Name": "Geodude",
    "Type1": "Rock",
    "Type2": "Ground"
  }, {
    "PokedexNumber": 75,
    "Name": "Graveler",
    "Type1": "Rock",
    "Type2": "Ground"
  }, {
    "PokedexNumber": 76,
    "Name": "Golem",
    "Type1": "Rock",
    "Type2": "Ground"
  }, {
    "PokedexNumber": 77,
    "Name": "Ponyta",
    "Type1": "Fire",
    "Type2": ""
  }, {
    "PokedexNumber": 78,
    "Name": "Rapidash",
    "Type1": "Fire",
    "Type2": ""
  }, {
    "PokedexNumber": 79,
    "Name": "Slowpoke",
    "Type1": "Water",
    "Type2": "Psychic"
  }, {
    "PokedexNumber": 80,
    "Name": "Slowbro",
    "Type1": "Water",
    "Type2": "Psychic"
  }, {
    "PokedexNumber": 81,
    "Name": "Magnemite",
    "Type1": "Electric",
    "Type2": "Steel"
  }, {
    "PokedexNumber": 82,
    "Name": "Magneton",
    "Type1": "Electric",
    "Type2": "Steel"
  }, {
    "PokedexNumber": 83,
    "Name": "Farfetch'd",
    "Type1": "Normal",
    "Type2": "Flying"
  }, {
    "PokedexNumber": 84,
    "Name": "Doduo",
    "Type1": "Normal",
    "Type2": "Flying"
  }, {
    "PokedexNumber": 85,
    "Name": "Dodrio",
    "Type1": "Normal",
    "Type2": "Flying"
  }, {
    "PokedexNumber": 86,
    "Name": "Seel",
    "Type1": "Water",
    "Type2": ""
  }, {
    "PokedexNumber": 87,
    "Name": "Dewgong",
    "Type1": "Water",
    "Type2": "Ice"
  }, {
    "PokedexNumber": 88,
    "Name": "Grimer",
    "Type1": "Poison",
    "Type2": ""
  }, {
    "PokedexNumber": 89,
    "Name": "Muk",
    "Type1": "Poison",
    "Type2": ""
  }, {
    "PokedexNumber": 90,
    "Name": "Shellder",
    "Type1": "Water",
    "Type2": ""
  }, {
    "PokedexNumber": 91,
    "Name": "Cloyster",
    "Type1": "Water",
    "Type2": "Ice"
  }, {
    "PokedexNumber": 92,
    "Name": "Gastly",
    "Type1": "Ghost",
    "Type2": "Poison"
  }, {
    "PokedexNumber": 93,
    "Name": "Haunter",
    "Type1": "Ghost",
    "Type2": "Poison"
  }, {
    "PokedexNumber": 94,
    "Name": "Gengar",
    "Type1": "Ghost",
    "Type2": "Poison"
  }, {
    "PokedexNumber": 95,
    "Name": "Onix",
    "Type1": "Rock",
    "Type2": "Ground"
  }, {
    "PokedexNumber": 96,
    "Name": "Drowzee",
    "Type1": "Psychic",
    "Type2": ""
  }, {
    "PokedexNumber": 97,
    "Name": "Hypno",
    "Type1": "Psychic",
    "Type2": ""
  }, {
    "PokedexNumber": 98,
    "Name": "Krabby",
    "Type1": "Water",
    "Type2": ""
  }, {
    "PokedexNumber": 99,
    "Name": "Kingler",
    "Type1": "Water",
    "Type2": ""
  }, {
    "PokedexNumber": 100,
    "Name": "Voltorb",
    "Type1": "Electric",
    "Type2": ""
  }, {
    "PokedexNumber": 101,
    "Name": "Electrode",
    "Type1": "Electric",
    "Type2": ""
  }, {
    "PokedexNumber": 102,
    "Name": "Exeggcute",
    "Type1": "Grass",
    "Type2": "Psychic"
  }, {
    "PokedexNumber": 103,
    "Name": "Exeggutor",
    "Type1": "Grass",
    "Type2": "Psychic"
  }, {
    "PokedexNumber": 104,
    "Name": "Cubone",
    "Type1": "Ground",
    "Type2": ""
  }, {
    "PokedexNumber": 105,
    "Name": "Marowak",
    "Type1": "Ground",
    "Type2": ""
  }, {
    "PokedexNumber": 106,
    "Name": "Hitmonlee",
    "Type1": "Fighting",
    "Type2": ""
  }, {
    "PokedexNumber": 107,
    "Name": "Hitmonchan",
    "Type1": "Fighting",
    "Type2": ""
  }, {
    "PokedexNumber": 108,
    "Name": "Lickitung",
    "Type1": "Normal",
    "Type2": ""
  }, {
    "PokedexNumber": 109,
    "Name": "Koffing",
    "Type1": "Poison",
    "Type2": ""
  }, {
    "PokedexNumber": 110,
    "Name": "Weezing",
    "Type1": "Weezing",
    "Type2": ""
  }, {
    "PokedexNumber": 111,
    "Name": "Rhyhorn",
    "Type1": "Ground",
    "Type2": "Rock"
  }, {
    "PokedexNumber": 112,
    "Name": "Rhydon",
    "Type1": "Ground",
    "Type2": "Rock"
  }, {
    "PokedexNumber": 113,
    "Name": "Chansey",
    "Type1": "Normal",
    "Type2": ""
  }, {
    "PokedexNumber": 114,
    "Name": "Tangela",
    "Type1": "Grass",
    "Type2": ""
  }, {
    "PokedexNumber": 115,
    "Name": "Kangaskhan",
    "Type1": "Normal",
    "Type2": ""
  }, {
    "PokedexNumber": 116,
    "Name": "Horsea",
    "Type1": "Water",
    "Type2": ""
  }, {
    "PokedexNumber": 117,
    "Name": "Seadra",
    "Type1": "Water",
    "Type2": ""
  }, {
    "PokedexNumber": 118,
    "Name": "Goldeen",
    "Type1": "Water",
    "Type2": ""
  }, {
    "PokedexNumber": 119,
    "Name": "Seaking",
    "Type1": "Water",
    "Type2": ""
  }, {
    "PokedexNumber": 120,
    "Name": "Staryu",
    "Type1": "Water",
    "Type2": ""
  }, {
    "PokedexNumber": 121,
    "Name": "Starmie",
    "Type1": "Water",
    "Type2": "Psychic"
  }, {
    "PokedexNumber": 122,
    "Name": "Mr.Mime",
    "Type1": "Psychic",
    "Type2": "Fairy"
  }, {
    "PokedexNumber": 123,
    "Name": "Scyther",
    "Type1": "Bug",
    "Type2": "Flying"
  }, {
    "PokedexNumber": 124,
    "Name": "Jynx",
    "Type1": "Ice",
    "Type2": "Psychic"
  }, {
    "PokedexNumber": 125,
    "Name": "Electabuzz",
    "Type1": "Electric",
    "Type2": ""
  }, {
    "PokedexNumber": 126,
    "Name": "Magmar",
    "Type1": "Fire",
    "Type2": ""
  }, {
    "PokedexNumber": 127,
    "Name": "Pinsir",
    "Type1": "Bug",
    "Type2": ""
  }, {
    "PokedexNumber": 128,
    "Name": "Tauros",
    "Type1": "Normal",
    "Type2": ""
  }, {
    "PokedexNumber": 129,
    "Name": "Magikarp",
    "Type1": "Water",
    "Type2": ""
  }, {
    "PokedexNumber": 130,
    "Name": "Gyarados",
    "Type1": "Water",
    "Type2": "Flying"
  }, {
    "PokedexNumber": 131,
    "Name": "Lapras",
    "Type1": "Water",
    "Type2": "Ice"
  }, {
    "PokedexNumber": 132,
    "Name": "Ditto",
    "Type1": "Normal",
    "Type2": ""
  }, {
    "PokedexNumber": 133,
    "Name": "Eevee",
    "Type1": "Normal",
    "Type2": ""
  }, {
    "PokedexNumber": 134,
    "Name": "Vaporeon",
    "Type1": "Water",
    "Type2": ""
  }, {
    "PokedexNumber": 135,
    "Name": "Jolteon",
    "Type1": "Electric",
    "Type2": ""
  }, {
    "PokedexNumber": 136,
    "Name": "Flareon",
    "Type1": "Fire",
    "Type2": ""
  }, {
    "PokedexNumber": 137,
    "Name": "Porygon",
    "Type1": "Normal",
    "Type2": ""
  }, {
    "PokedexNumber": 138,
    "Name": "Omanyte",
    "Type1": "Rock",
    "Type2": "Water"
  }, {
    "PokedexNumber": 139,
    "Name": "Omastar",
    "Type1": "Rock",
    "Type2": "Water"
  }, {
    "PokedexNumber": 140,
    "Name": "Kabuto",
    "Type1": "Rock",
    "Type2": "Water"
  }, {
    "PokedexNumber": 141,
    "Name": "Kabutops",
    "Type1": "Rock",
    "Type2": "Water"
  }, {
    "PokedexNumber": 142,
    "Name": "Aerodactyl",
    "Type1": "Rock",
    "Type2": "Flying"
  }, {
    "PokedexNumber": 143,
    "Name": "Snorlax",
    "Type1": "Normal",
    "Type2": ""
  }, {
    "PokedexNumber": 144,
    "Name": "Articuno",
    "Type1": "Ice",
    "Type2": "Flying"
  }, {
    "PokedexNumber": 145,
    "Name": "Zapdos",
    "Type1": "Electric",
    "Type2": "Flying"
  }, {
    "PokedexNumber": 146,
    "Name": "Moltres",
    "Type1": "Fire",
    "Type2": "Flying"
  }, {
    "PokedexNumber": 147,
    "Name": "Dratini",
    "Type1": "Dragon",
    "Type2": ""
  }, {
    "PokedexNumber": 148,
    "Name": "Dragonair",
    "Type1": "Dragon",
    "Type2": ""
  }, {
    "PokedexNumber": 149,
    "Name": "Dragonite",
    "Type1": "Dragon",
    "Type2": "Flying"
  }, {
    "PokedexNumber": 150,
    "Name": "Mewtwo",
    "Type1": "Psychic",
    "Type2": ""
  }, {
    "PokedexNumber": 151,
    "Name": "Mew",
    "Type1": "Psychic",
    "Type2": ""
  }
]
